[
  {
 
    "name": "Rondoudou",
    "hp": 112,
    "attack":20,
    "defense":45,
    "type1": "Fée",
    "type2": "Normal",
    "image": "Rondoudou.png"

  },
  {
   
    "name": "Bulbizard",
    "hp": 129,
    "attack":27,
    "defense":74,
    "type1": "Herbe",
    "type2": "Normal",
    "image": "Bulbizard.png"

  },
  {
   
    "name": "Pikachu",
    "hp": 111,
    "attack":25,
    "defense":71,
    "type1": "Electrique",
    "type2": "Normal",
    "image": "Pikachu.png"

  },
  {
   
    "name": "Tetard",
    "hp": 79,
    "attack":11,
    "defense":26,
    "type1": "Eau",
    "type2": "Normal",
    "image": "Tetard.png"

  },
  {
   
    "name": "Ectoplasma",
    "hp": 129,
    "attack":27,
    "defense":74,
    "type1": "Tenebre",
    "type2": "normal",
    "image": "Ectoplasma.png"

  },
  {
   
    "name": "Knocked",
    "hp": 129,
    "attack":27,
    "defense":74,
    "type1": "Tenebre",
    "type2": "normal",
    "image": "Knocked.png"

  },
  {
   
    "name": "Evoli",
    "hp": 129,
    "attack":27,
    "defense":74,
    "type1": "Normal",
    "type2": "Normal",
    "image": "Evoli.png"

  },
  {
   
    "name": "Dracofeu",
    "hp": 129,
    "attack":27,
    "defense":74,
    "type1": "Feu",
    "type2": "Dragon",
    "image": "Dracofeu.png"

  },
  {
 
    "name": "Ossilet",
    "hp": 112,
    "attack":20,
    "defense":45,
    "type1": "Sol",
    "type2": "normal",
    "image": "Ossilet.png"

  },
  {
   
    "name": "Mew",
    "hp": 129,
    "attack":27,
    "defense":74,
    "type1": "Psy",
    "type2": "normal",
    "image": "Mew.png"

  },
  {
   
    "name": "Feunec",
    "hp": 111,
    "attack":25,
    "defense":71,
    "type1": "Feu",
    "type2": "normal",
    "image": "Feunec.png"

  },
  {
   
    "name": "Carapuce",
    "hp": 129,
    "attack":27,
    "defense":74,
    "type1": "Eau",
    "type2": "normal",
    "image": "Carapuce.png"

  },
  {
   
    "name": "Ronflexe",
    "hp": 129,
    "attack":27,
    "defense":74,
    "type1": "Normal",
    "type2": "Normal",
    "image": "Ronflexe.png"

  },
  {
   
    "name": "Groudon",
    "hp": 129,
    "attack":27,
    "defense":74,
    "type1": "Sol",
    "type2": "Feu",
    "image": "Groudon.png"

  },
  {
   
    "name": "Moumouton",
    "hp": 129,
    "attack":27,
    "defense":74,
    "type1": "Electrique",
    "type2": "normal",
    "image": "Moumouton.png"

  },
  {
   
    "name": "Abroc",
    "hp": 129,
    "attack":27,
    "defense":74,
    "type1": "Poison",
    "type2": "normal",
    "image": "Abroc.png"

  }
]